{
    "place_id": 284313728,
    "parent_place_id": 285792318,
    "osm_type": "R",
    "osm_id": 3486321,
    "category": "boundary",
    "type": "administrative",
    "admin_level": 4,
    "localname": "Busia County",
    "names": {
        "ISO3166-2": "KE-04",
        "name": "Busia",
        "name:ceb": "Busia",
        "name:de": "Busia County",
        "name:en": "Busia County",
        "name:es": "Condado de Busia",
        "name:fa": "شهرستان بوسیا",
        "name:fr": "Comté de Busia",
        "name:id": "County Busia",
        "name:it": "Contea di Busia",
        "name:ja": "ブシア",
        "name:ko": "부시아현",
        "name:nan": "Busia Kūn",
        "name:nl": "Busia County",
        "name:no": "Busia fylke",
        "name:pl": "Busia",
        "name:ru": "Бусиа",
        "name:sv": "Busia",
        "name:sw": "Kaunti ya Busia",
        "name:uk": "Бусія",
        "name:ur": "بوسیا کاؤنٹی",
        "name:vi": "Busia",
        "name:zh": "布希亞郡",
        "name:zu": "Busia County"
    },
    "addresstags": [],
    "housenumber": null,
    "calculated_postcode": null,
    "country_code": "ke",
    "indexed_date": "2022-05-19T12:03:41+00:00",
    "importance": 0.40445917524213204,
    "calculated_importance": 0.40445917524213204,
    "extratags": {
        "CONST_CODE": "225",
        "CONSTITUEN": "TESO NORTH",
        "COUNTY_COD": "40",
        "COUNTY_NAM": "BUSIA",
        "disused:id": "1295",
        "OBJECTID": "39",
        "Shape_Area": "0.14764386658",
        "Shape_Leng": "2.57838796438",
        "wikidata": "Q1017519",
        "wikipedia": "en:Busia County"
    },
    "calculated_wikipedia": "en:Busia_County",
    "icon": "https://nominatim.openstreetmap.org/ui/mapicons/poi_boundary_administrative.p.20.png",
    "rank_address": 8,
    "rank_search": 8,
    "isarea": true,
    "centroid": {
        "type": "Point",
        "coordinates": [
            34.26479520608315,
            0.3712048
        ]
    },
    "geometry": {
        "type": "Point",
        "coordinates": [
            34.264795206,
            0.3712048
        ]
    },
    "address": [
        {
            "localname": "Busia County",
            "place_id": 284313728,
            "osm_id": 3486321,
            "osm_type": "R",
            "place_type": null,
            "class": "boundary",
            "type": "administrative",
            "admin_level": 4,
            "rank_address": 8,
            "distance": 0,
            "isaddress": true
        },
        {
            "localname": "West Kenya",
            "place_id": 285792318,
            "osm_id": 9721837,
            "osm_type": "R",
            "place_type": null,
            "class": "boundary",
            "type": "administrative",
            "admin_level": 3,
            "rank_address": 6,
            "distance": 2.919905863869452e-6,
            "isaddress": true
        },
        {
            "localname": "Kenya",
            "place_id": null,
            "osm_id": null,
            "osm_type": null,
            "place_type": null,
            "class": "place",
            "type": "country",
            "admin_level": null,
            "rank_address": 4,
            "distance": 0,
            "isaddress": true
        },
        {
            "localname": "ke",
            "place_id": null,
            "osm_id": null,
            "osm_type": null,
            "place_type": null,
            "class": "place",
            "type": "country_code",
            "admin_level": null,
            "rank_address": 4,
            "distance": 0,
            "isaddress": false
        }
    ]
}