{
    "place_id": 298403735,
    "parent_place_id": 298737072,
    "osm_type": "R",
    "osm_id": 3495551,
    "category": "boundary",
    "type": "administrative",
    "admin_level": 4,
    "localname": "Mandera County",
    "names": {
        "ISO3166-2": "KE-24",
        "name": "Mandera",
        "name:ceb": "Mandera",
        "name:de": "Mandera County",
        "name:en": "Mandera County",
        "name:es": "Condado de Mandera",
        "name:fa": "شهرستان ماندرا",
        "name:fi": "Manderan piirikunta",
        "name:id": "County Mandera",
        "name:it": "Contea di Mandera",
        "name:ja": "マンデラ",
        "name:ko": "만데라현",
        "name:nan": "Mandera Kūn",
        "name:nl": "Mandera County",
        "name:no": "Mandera fylke",
        "name:pl": "Mandera",
        "name:sv": "Mandera",
        "name:sw": "Kaunti ya Mandera",
        "name:ur": "ماندیرا کاؤنٹی",
        "name:vi": "Mandera",
        "name:zh": "曼德拉郡",
        "name:zu": "Mandera County"
    },
    "addresstags": [],
    "housenumber": null,
    "calculated_postcode": null,
    "country_code": "ke",
    "indexed_date": "2022-07-15T23:47:40+00:00",
    "importance": 0.4239912043659237,
    "calculated_importance": 0.4239912043659237,
    "extratags": {
        "CONST_CODE": "42",
        "CONSTITUEN": "MANDERA SOUTH",
        "COUNTY_COD": "9",
        "COUNTY_NAM": "MANDERA",
        "id": "264",
        "OBJECTID": "10",
        "Shape_Area": "2.11434477576",
        "Shape_Leng": "7.19616328425",
        "wikidata": "Q1477874",
        "wikipedia": "en:Mandera County"
    },
    "calculated_wikipedia": "en:Mandera_County",
    "icon": "https://nominatim.openstreetmap.org/ui/mapicons/poi_boundary_administrative.p.20.png",
    "rank_address": 8,
    "rank_search": 8,
    "isarea": true,
    "centroid": {
        "type": "Point",
        "coordinates": [
            40.70561647260599,
            3.2285332
        ]
    },
    "geometry": {
        "type": "Point",
        "coordinates": [
            40.705616473,
            3.2285332
        ]
    },
    "address": [
        {
            "localname": "Mandera County",
            "place_id": 298403735,
            "osm_id": 3495551,
            "osm_type": "R",
            "place_type": null,
            "class": "boundary",
            "type": "administrative",
            "admin_level": 4,
            "rank_address": 8,
            "distance": 0,
            "isaddress": true
        },
        {
            "localname": "Northeast Kenya",
            "place_id": 298737072,
            "osm_id": 9721622,
            "osm_type": "R",
            "place_type": "state",
            "class": "boundary",
            "type": "administrative",
            "admin_level": 3,
            "rank_address": 6,
            "distance": 2.228276090261441e-5,
            "isaddress": true
        },
        {
            "localname": "Kenya",
            "place_id": null,
            "osm_id": null,
            "osm_type": null,
            "place_type": null,
            "class": "place",
            "type": "country",
            "admin_level": null,
            "rank_address": 4,
            "distance": 0,
            "isaddress": true
        },
        {
            "localname": "ke",
            "place_id": null,
            "osm_id": null,
            "osm_type": null,
            "place_type": null,
            "class": "place",
            "type": "country_code",
            "admin_level": null,
            "rank_address": 4,
            "distance": 0,
            "isaddress": false
        }
    ]
}