{
    "place_id": 298310487,
    "parent_place_id": 298557067,
    "osm_type": "R",
    "osm_id": 3977580,
    "category": "boundary",
    "type": "administrative",
    "admin_level": 4,
    "localname": "Murang'a County",
    "names": {
        "ISO3166-2": "KE-29",
        "name": "Murang`a",
        "name:ceb": "Murang'a",
        "name:de": "Murang'a County",
        "name:en": "Murang'a County",
        "name:es": "Condado de Muranga",
        "name:fa": "شهرستان مورانگا",
        "name:fi": "Murangan piirikunta",
        "name:fr": "Comté de Muranga",
        "name:id": "County Murang'a",
        "name:it": "Contea di Muranga",
        "name:ja": "ムランガ",
        "name:ko": "무랑가현",
        "name:nan": "Murang'a Kūn",
        "name:nl": "Murang'a County",
        "name:no": "Murang'a fylke",
        "name:pl": "Murang'a",
        "name:pt": "Muranga",
        "name:sv": "Muranga",
        "name:sw": "Kaunti ya Murang'a",
        "name:ur": "مورانگا کاؤنٹی",
        "name:vi": "Muranga",
        "name:zh": "穆蘭卡郡",
        "name:zu": "Muranga County"
    },
    "addresstags": [],
    "housenumber": null,
    "calculated_postcode": null,
    "country_code": "ke",
    "indexed_date": "2022-07-15T23:47:40+00:00",
    "importance": 0.3890073604909233,
    "calculated_importance": 0.3890073604909233,
    "extratags": {
        "wikidata": "Q1781723",
        "wikipedia": "en:Murang'a County"
    },
    "calculated_wikipedia": "en:Muranga_County",
    "icon": "https://nominatim.openstreetmap.org/ui/mapicons/poi_boundary_administrative.p.20.png",
    "rank_address": 8,
    "rank_search": 8,
    "isarea": true,
    "centroid": {
        "type": "Point",
        "coordinates": [
            37.004861249618145,
            -0.83091505
        ]
    },
    "geometry": {
        "type": "Point",
        "coordinates": [
            37.00486125,
            -0.83091505
        ]
    },
    "address": [
        {
            "localname": "Murang'a County",
            "place_id": 298310487,
            "osm_id": 3977580,
            "osm_type": "R",
            "place_type": null,
            "class": "boundary",
            "type": "administrative",
            "admin_level": 4,
            "rank_address": 8,
            "distance": 0,
            "isaddress": true
        },
        {
            "localname": "Central Kenya",
            "place_id": 298557067,
            "osm_id": 9721572,
            "osm_type": "R",
            "place_type": "state",
            "class": "boundary",
            "type": "administrative",
            "admin_level": 3,
            "rank_address": 6,
            "distance": 3.5773532160348693e-6,
            "isaddress": true
        },
        {
            "localname": "Kenya",
            "place_id": null,
            "osm_id": null,
            "osm_type": null,
            "place_type": null,
            "class": "place",
            "type": "country",
            "admin_level": null,
            "rank_address": 4,
            "distance": 0,
            "isaddress": true
        },
        {
            "localname": "ke",
            "place_id": null,
            "osm_id": null,
            "osm_type": null,
            "place_type": null,
            "class": "place",
            "type": "country_code",
            "admin_level": null,
            "rank_address": 4,
            "distance": 0,
            "isaddress": false
        }
    ]
}