{
    "place_id": 298696632,
    "parent_place_id": 299279293,
    "osm_type": "R",
    "osm_id": 3495561,
    "category": "boundary",
    "type": "administrative",
    "admin_level": 4,
    "localname": "Tana River County",
    "names": {
        "ISO3166-2": "KE-40",
        "name": "Tana River",
        "name:ceb": "Tana River",
        "name:de": "Tana River County",
        "name:en": "Tana River County",
        "name:es": "Condado del Río Tana",
        "name:fa": "شهرستان رود تانا",
        "name:fr": "Comté de Tana River",
        "name:id": "County Tana River",
        "name:it": "Contea di Tana River",
        "name:ja": "タナ川",
        "name:ko": "타나리버현",
        "name:nan": "Tana River Kūn",
        "name:nl": "Tana River County",
        "name:no": "Tana River fylke",
        "name:pl": "Tana River",
        "name:ru": "Река Тана",
        "name:sv": "Tana River",
        "name:sw": "Kaunti ya Tana River",
        "name:ur": "دریائے تانا کاؤنٹی",
        "name:vi": "Tana River",
        "name:zh": "塔納河郡",
        "name:zu": "Tana River County"
    },
    "addresstags": [],
    "housenumber": null,
    "calculated_postcode": null,
    "country_code": "ke",
    "indexed_date": "2022-07-15T23:47:40+00:00",
    "importance": 0.4107435183238231,
    "calculated_importance": 0.4107435183238231,
    "extratags": {
        "CONST_CODE": "19",
        "CONSTITUEN": "GALOLE",
        "COUNTY_COD": "4",
        "COUNTY_NAM": "TANA RIVER",
        "ID_": "5806",
        "OBJECTID": "5",
        "Shape_Area": "3.18421263617",
        "Shape_Leng": "10.2804493709",
        "wikidata": "Q383150",
        "wikipedia": "en:Tana River County"
    },
    "calculated_wikipedia": "en:Tana_River_County",
    "icon": "https://nominatim.openstreetmap.org/ui/mapicons/poi_boundary_administrative.p.20.png",
    "rank_address": 8,
    "rank_search": 8,
    "isarea": true,
    "centroid": {
        "type": "Point",
        "coordinates": [
            39.55083745466502,
            -1.53651195
        ]
    },
    "geometry": {
        "type": "Point",
        "coordinates": [
            39.550837455,
            -1.53651195
        ]
    },
    "address": [
        {
            "localname": "Tana River County",
            "place_id": 298696632,
            "osm_id": 3495561,
            "osm_type": "R",
            "place_type": null,
            "class": "boundary",
            "type": "administrative",
            "admin_level": 4,
            "rank_address": 8,
            "distance": 0,
            "isaddress": true
        },
        {
            "localname": "Coastal Kenya",
            "place_id": 299279293,
            "osm_id": 9721636,
            "osm_type": "R",
            "place_type": null,
            "class": "boundary",
            "type": "administrative",
            "admin_level": 3,
            "rank_address": 6,
            "distance": 8.957831184424423e-6,
            "isaddress": true
        },
        {
            "localname": "Kenya",
            "place_id": null,
            "osm_id": null,
            "osm_type": null,
            "place_type": null,
            "class": "place",
            "type": "country",
            "admin_level": null,
            "rank_address": 4,
            "distance": 0,
            "isaddress": true
        },
        {
            "localname": "ke",
            "place_id": null,
            "osm_id": null,
            "osm_type": null,
            "place_type": null,
            "class": "place",
            "type": "country_code",
            "admin_level": null,
            "rank_address": 4,
            "distance": 0,
            "isaddress": false
        }
    ]
}