{
    "place_id": 297882031,
    "parent_place_id": 298737072,
    "osm_type": "R",
    "osm_id": 3495566,
    "category": "boundary",
    "type": "administrative",
    "admin_level": 4,
    "localname": "Wajir County",
    "names": {
        "ISO3166-2": "KE-46",
        "name": "Wajir",
        "name:ceb": "Wajir",
        "name:de": "Wajir County",
        "name:en": "Wajir County",
        "name:es": "Condado de Wajir",
        "name:fa": "شهرستان واجیر",
        "name:fr": "Comté de Wajir",
        "name:id": "County Wajir",
        "name:it": "Contea di Wajir",
        "name:ja": "ワジール",
        "name:ko": "와지르현",
        "name:nan": "Wajir Kūn",
        "name:nl": "Wajir County",
        "name:no": "Wajir fylke",
        "name:pl": "Wajir",
        "name:ru": "Ваджир",
        "name:sv": "Wajir",
        "name:sw": "Kaunti ya Wajir",
        "name:ur": "واجیر کاؤنٹی",
        "name:vi": "Wajir",
        "name:zh": "瓦吉爾郡",
        "name:zu": "Wajir County"
    },
    "addresstags": [],
    "housenumber": null,
    "calculated_postcode": null,
    "country_code": "ke",
    "indexed_date": "2022-07-15T23:47:39+00:00",
    "importance": 0.4289829310113359,
    "calculated_importance": 0.4289829310113359,
    "extratags": {
        "CONST_CODE": "36",
        "CONSTITUEN": "WAJIR WEST",
        "COUNTY_COD": "8",
        "COUNTY_NAM": "WAJIR",
        "id": "663",
        "OBJECTID": "9",
        "Shape_Area": "4.60636555222",
        "Shape_Leng": "9.96942202517",
        "wikidata": "Q1852209",
        "wikipedia": "en:Wajir County"
    },
    "calculated_wikipedia": "en:Wajir_County",
    "icon": "https://nominatim.openstreetmap.org/ui/mapicons/poi_boundary_administrative.p.20.png",
    "rank_address": 8,
    "rank_search": 8,
    "isarea": true,
    "centroid": {
        "type": "Point",
        "coordinates": [
            40.02449393200057,
            1.9394402
        ]
    },
    "geometry": {
        "type": "Point",
        "coordinates": [
            40.024493932,
            1.9394402
        ]
    },
    "address": [
        {
            "localname": "Wajir County",
            "place_id": 297882031,
            "osm_id": 3495566,
            "osm_type": "R",
            "place_type": null,
            "class": "boundary",
            "type": "administrative",
            "admin_level": 4,
            "rank_address": 8,
            "distance": 0,
            "isaddress": true
        },
        {
            "localname": "Northeast Kenya",
            "place_id": 298737072,
            "osm_id": 9721622,
            "osm_type": "R",
            "place_type": "state",
            "class": "boundary",
            "type": "administrative",
            "admin_level": 3,
            "rank_address": 6,
            "distance": 9.044622262902066e-6,
            "isaddress": true
        },
        {
            "localname": "Kenya",
            "place_id": null,
            "osm_id": null,
            "osm_type": null,
            "place_type": null,
            "class": "place",
            "type": "country",
            "admin_level": null,
            "rank_address": 4,
            "distance": 0,
            "isaddress": true
        },
        {
            "localname": "ke",
            "place_id": null,
            "osm_id": null,
            "osm_type": null,
            "place_type": null,
            "class": "place",
            "type": "country_code",
            "admin_level": null,
            "rank_address": 4,
            "distance": 0,
            "isaddress": false
        }
    ]
}